Diphoton_mass,Diphoton_pt_mgg,Diphoton_dPhi,LeadPhoton_pt_mgg,SubleadPhoton_pt_mgg,MET_pt,diphoton_met_dPhi,ditau_met_dPhi,ditau_deta,lead_lepton_pt,lead_lepton_mass,jet_1_pt,ditau_pt,ditau_mass,ditau_dR,ditau_dphi,Diphoton_ditau_dphi,dilep_leadpho_mass,reco_MX_mgg,Diphoton_ditau_deta,Diphoton_lead_lepton_deta,Diphoton_lead_lepton_dR,Diphoton_sublead_lepton_deta,Diphoton_sublead_lepton_dR,LeadPhoton_ditau_dR,LeadPhoton_lead_lepton_dR,SubleadPhoton_lead_lepton_dR
0.5809446106449625,0.9284246006175991,0.5132208911054101,0.8875247867965084,0.7603833531062661,0.779998246571567,0.5196798041170118,0.5169739133542728,0.5007623666033991,0.7466720275264646,0.5238390216795354,0.5524162934663784,0.8821297066461928,0.6379336645261058,0.782592353946399,0.5085709318472744,0.5130213883329725,0.7446391628326932,0.8991946932416869,0.5185129656799637,0.5344260820591366,0.5149129752203523,0.524632091794842,0.5498297919869712,0.555342414787499,0.5669360375688959,0.5789339586291634
