Diphoton_mass,Diphoton_pt_mgg,Diphoton_dPhi,LeadPhoton_pt_mgg,SubleadPhoton_pt_mgg,MET_pt,diphoton_met_dPhi,ditau_met_dPhi,ditau_deta,lead_lepton_pt,lead_lepton_mass,jet_1_pt,ditau_pt,ditau_mass,ditau_dR,ditau_dphi,Diphoton_ditau_dphi,dilep_leadpho_mass,reco_MX_mgg,Diphoton_ditau_deta,Diphoton_lead_lepton_deta,Diphoton_lead_lepton_dR,Diphoton_sublead_lepton_deta,Diphoton_sublead_lepton_dR,LeadPhoton_ditau_dR,LeadPhoton_lead_lepton_dR,SubleadPhoton_lead_lepton_dR
0.5825159171441195,0.9807391230025274,0.5149340080717089,0.9695107160827047,0.8615831076708997,0.8700314433033193,0.5179168018936364,0.5167396846224445,0.5023003185393183,0.8379449904603578,0.5401069765589659,0.5530939586370072,0.9526108015176042,0.6358378973676576,0.870128217442681,0.5099297897448762,0.5098888912222866,0.8969848406269901,0.9765009323748481,0.5188963051914774,0.5347312492099239,0.5455356197366753,0.5254173361613754,0.5277060183963062,0.6205647740213724,0.6465720371477784,0.6728105823926624
