Diphoton_mass,Diphoton_pt_mgg,Diphoton_dPhi,LeadPhoton_pt_mgg,SubleadPhoton_pt_mgg,MET_pt,diphoton_met_dPhi,ditau_met_dPhi,ditau_deta,lead_lepton_pt,lead_lepton_mass,jet_1_pt,ditau_pt,ditau_mass,ditau_dR,ditau_dphi,Diphoton_ditau_dphi,dilep_leadpho_mass,reco_MX_mgg,Diphoton_ditau_deta,Diphoton_lead_lepton_deta,Diphoton_lead_lepton_dR,Diphoton_sublead_lepton_deta,Diphoton_sublead_lepton_dR,LeadPhoton_ditau_dR,LeadPhoton_lead_lepton_dR,SubleadPhoton_lead_lepton_dR
0.5779876328624544,0.5167018633173057,0.5058967020237706,0.5289159132924333,0.5986894381611935,0.5676300516168725,0.535049241340235,0.5145677910077624,0.5022982300540508,0.5823520136170283,0.5077665958904674,0.5797238367452175,0.5273771178938528,0.6353555104404884,0.5175912336426199,0.5125754905963241,0.526399872234132,0.6477511868788202,0.6624778450189814,0.5198612414375426,0.5319973639371153,0.6780985276590565,0.5254131932813366,0.7002980403121064,0.6233891550855611,0.6566060665466537,0.623867115439939
