Diphoton_mass,Diphoton_pt_mgg,Diphoton_dPhi,LeadPhoton_pt_mgg,SubleadPhoton_pt_mgg,MET_pt,diphoton_met_dPhi,ditau_met_dPhi,ditau_deta,lead_lepton_pt,lead_lepton_mass,jet_1_pt,ditau_pt,ditau_mass,ditau_dR,ditau_dphi,Diphoton_ditau_dphi,dilep_leadpho_mass,reco_MX_mgg,Diphoton_ditau_deta,Diphoton_lead_lepton_deta,Diphoton_lead_lepton_dR,Diphoton_sublead_lepton_deta,Diphoton_sublead_lepton_dR,LeadPhoton_ditau_dR,LeadPhoton_lead_lepton_dR,SubleadPhoton_lead_lepton_dR
0.581117687402696,0.8866399381793716,0.5124424843635671,0.8312934512983425,0.7121922036860346,0.7393754356144556,0.5224098195888462,0.5162483551637839,0.5024177813294621,0.7113461272138902,0.5352169292872357,0.565312462526156,0.8384491366011403,0.638408176410925,0.7393875775448733,0.5076815570438968,0.5129047899868039,0.6743630849011271,0.836002822710952,0.5172668253183335,0.5337691739070196,0.5398498092991093,0.523167504743715,0.581650361308933,0.5298310524489646,0.5317742870383679,0.5415767638886791
