Diphoton_mass,Diphoton_pt_mgg,Diphoton_dPhi,LeadPhoton_pt_mgg,SubleadPhoton_pt_mgg,MET_pt,diphoton_met_dPhi,ditau_met_dPhi,ditau_deta,lead_lepton_pt,lead_lepton_mass,jet_1_pt,ditau_pt,ditau_mass,ditau_dR,ditau_dphi,Diphoton_ditau_dphi,dilep_leadpho_mass,reco_MX_mgg,Diphoton_ditau_deta,Diphoton_lead_lepton_deta,Diphoton_lead_lepton_dR,Diphoton_sublead_lepton_deta,Diphoton_sublead_lepton_dR,LeadPhoton_ditau_dR,LeadPhoton_lead_lepton_dR,SubleadPhoton_lead_lepton_dR
0.579170779116901,0.7321606387757835,0.5081565079076449,0.6851772298975956,0.6154861173789974,0.649421928676006,0.5238875070914347,0.5159386068171277,0.5007349175379896,0.6392384588067914,0.5102527892302235,0.5863079073911672,0.693879133578015,0.6366915489335566,0.6246121431726843,0.5079269667602012,0.5161977536008096,0.5097355169725515,0.6136572249589235,0.519582756010261,0.5361340749534576,0.6055442785464242,0.5264537147206381,0.6560896670074859,0.538663409211056,0.5529343233772561,0.5598367505958503
