Diphoton_mass,Diphoton_pt_mgg,Diphoton_dPhi,LeadPhoton_pt_mgg,SubleadPhoton_pt_mgg,MET_pt,diphoton_met_dPhi,ditau_met_dPhi,ditau_deta,lead_lepton_pt,lead_lepton_mass,jet_1_pt,ditau_pt,ditau_mass,ditau_dR,ditau_dphi,Diphoton_ditau_dphi,dilep_leadpho_mass,reco_MX_mgg,Diphoton_ditau_deta,Diphoton_lead_lepton_deta,Diphoton_lead_lepton_dR,Diphoton_sublead_lepton_deta,Diphoton_sublead_lepton_dR,LeadPhoton_ditau_dR,LeadPhoton_lead_lepton_dR,SubleadPhoton_lead_lepton_dR
0.5779789209863075,0.6097320584082286,0.5038268205985066,0.5288106604132699,0.6184866280130282,0.5495837098613423,0.5343474904096654,0.5138078828854525,0.5003366977969255,0.5663949025092534,0.5114489454241438,0.5570757789582859,0.6081849485813584,0.6341705155138131,0.5666320107759624,0.51055795625764,0.5276692378719247,0.6903998244690661,0.7461986343777284,0.5183232319301126,0.5306203635985598,0.6944067705289023,0.5230088643413227,0.6888424633795289,0.6560502813138336,0.694276821185422,0.6237613619858828
