Diphoton_mass,Diphoton_pt_mgg,Diphoton_dPhi,LeadPhoton_pt_mgg,SubleadPhoton_pt_mgg,MET_pt,diphoton_met_dPhi,ditau_met_dPhi,ditau_deta,lead_lepton_pt,lead_lepton_mass,jet_1_pt,ditau_pt,ditau_mass,ditau_dR,ditau_dphi,Diphoton_ditau_dphi,dilep_leadpho_mass,reco_MX_mgg,Diphoton_ditau_deta,Diphoton_lead_lepton_deta,Diphoton_lead_lepton_dR,Diphoton_sublead_lepton_deta,Diphoton_sublead_lepton_dR,LeadPhoton_ditau_dR,LeadPhoton_lead_lepton_dR,SubleadPhoton_lead_lepton_dR
0.5828600414036882,0.9847650870194208,0.515071074476519,0.9758911436791452,0.8733143422978472,0.8813757310587836,0.5164166436124074,0.5156940014725316,0.5039632454258047,0.8523464259000145,0.5326048114612529,0.5590223809377963,0.9603024753865768,0.6348645463465511,0.8815838517266161,0.5098700787347348,0.5087607017585745,0.9163285555210668,0.9813844300358472,0.5178175742870748,0.5333955382192249,0.555740049153721,0.5246407492384331,0.5423553297881843,0.6324594975568607,0.6597295408477067,0.6877648477882004
