Diphoton_mass,Diphoton_pt_mgg,Diphoton_dPhi,LeadPhoton_pt_mgg,SubleadPhoton_pt_mgg,MET_pt,diphoton_met_dPhi,ditau_met_dPhi,ditau_deta,lead_lepton_pt,lead_lepton_mass,jet_1_pt,ditau_pt,ditau_mass,ditau_dR,ditau_dphi,Diphoton_ditau_dphi,dilep_leadpho_mass,reco_MX_mgg,Diphoton_ditau_deta,Diphoton_lead_lepton_deta,Diphoton_lead_lepton_dR,Diphoton_sublead_lepton_deta,Diphoton_sublead_lepton_dR,LeadPhoton_ditau_dR,LeadPhoton_lead_lepton_dR,SubleadPhoton_lead_lepton_dR
0.5791357435694348,0.6619191086583622,0.5041069665684141,0.6394238466442461,0.595608644855818,0.6198069355809223,0.5269945091165162,0.5140335032600467,0.5008530083407146,0.619344405706356,0.5216135145760896,0.5405086962847683,0.6293123413706206,0.6362694554815165,0.5802628952514256,0.5118267619094302,0.5229992862312267,0.5444428449399258,0.5211287133588339,0.5200981579725046,0.5346387799428689,0.6314385810246835,0.5260120875841419,0.6798032762854751,0.5661034901604973,0.586143655748892,0.5892934840695578
