Diphoton_mass,Diphoton_pt_mgg,Diphoton_dPhi,LeadPhoton_pt_mgg,SubleadPhoton_pt_mgg,MET_pt,diphoton_met_dPhi,ditau_met_dPhi,ditau_deta,lead_lepton_pt,lead_lepton_mass,jet_1_pt,ditau_pt,ditau_mass,ditau_dR,ditau_dphi,Diphoton_ditau_dphi,dilep_leadpho_mass,reco_MX_mgg,Diphoton_ditau_deta,Diphoton_lead_lepton_deta,Diphoton_lead_lepton_dR,Diphoton_sublead_lepton_deta,Diphoton_sublead_lepton_dR,LeadPhoton_ditau_dR,LeadPhoton_lead_lepton_dR,SubleadPhoton_lead_lepton_dR
0.58198407316025,0.9510470325684269,0.5140478373222854,0.9227635845710289,0.7949053309550235,0.8121061243519478,0.523881458041205,0.5190496382116526,0.501455857881295,0.7763154507283021,0.5424611361840903,0.5397566868461837,0.9108635621675756,0.6382367874473065,0.8133415647364091,0.5082502237370308,0.513953474393253,0.7991890716462533,0.9308632938343062,0.5179598797752999,0.534038900336967,0.503200861338547,0.5255476748236256,0.5229929738239846,0.5755573008259542,0.5914630371262388,0.6090019198814582
