Diphoton_mass,Diphoton_pt_mgg,Diphoton_dPhi,LeadPhoton_pt_mgg,SubleadPhoton_pt_mgg,MET_pt,diphoton_met_dPhi,ditau_met_dPhi,ditau_deta,lead_lepton_pt,lead_lepton_mass,jet_1_pt,ditau_pt,ditau_mass,ditau_dR,ditau_dphi,Diphoton_ditau_dphi,dilep_leadpho_mass,reco_MX_mgg,Diphoton_ditau_deta,Diphoton_lead_lepton_deta,Diphoton_lead_lepton_dR,Diphoton_sublead_lepton_deta,Diphoton_sublead_lepton_dR,LeadPhoton_ditau_dR,LeadPhoton_lead_lepton_dR,SubleadPhoton_lead_lepton_dR
0.5826922035810074,0.9744588479435348,0.5149367871337194,0.9597358626387282,0.8415164021933221,0.8546592811093165,0.5233472201651403,0.5185126152549908,0.5024840445100773,0.8223784179118833,0.5310261566751708,0.545553578132415,0.943464997881923,0.6374981833671711,0.8563047247991975,0.5098252240101171,0.5114380352276209,0.8737775514882564,0.9668405925259721,0.5179826340706197,0.5336831836023206,0.5345097742682493,0.5249187236093815,0.5148564302793093,0.6097203381107622,0.6319613135249987,0.6554394556420041
