Diphoton_mass,Diphoton_pt_mgg,Diphoton_dPhi,LeadPhoton_pt_mgg,SubleadPhoton_pt_mgg,MET_pt,diphoton_met_dPhi,ditau_met_dPhi,ditau_deta,lead_lepton_pt,lead_lepton_mass,jet_1_pt,ditau_pt,ditau_mass,ditau_dR,ditau_dphi,Diphoton_ditau_dphi,dilep_leadpho_mass,reco_MX_mgg,Diphoton_ditau_deta,Diphoton_lead_lepton_deta,Diphoton_lead_lepton_dR,Diphoton_sublead_lepton_deta,Diphoton_sublead_lepton_dR,LeadPhoton_ditau_dR,LeadPhoton_lead_lepton_dR,SubleadPhoton_lead_lepton_dR
0.5798431462288001,0.8102341623696633,0.5089534975457131,0.7468999283595668,0.6534381781758121,0.6890463534127819,0.5271872826499877,0.5186728142791683,0.5005950538912286,0.6671842547466342,0.516506666405883,0.5546408858774191,0.7657392398646609,0.6396381224038177,0.6762977020989631,0.5081745534471757,0.5181929823892113,0.5793929388280605,0.7230088194744273,0.5199953100822737,0.5351277724330091,0.576692820425303,0.5263783322464229,0.6237762688805157,0.5076859917449084,0.5150206269392229,0.5162937511325343
