Diphoton_mass,Diphoton_pt_mgg,Diphoton_dPhi,LeadPhoton_pt_mgg,SubleadPhoton_pt_mgg,MET_pt,diphoton_met_dPhi,ditau_met_dPhi,ditau_deta,lead_lepton_pt,lead_lepton_mass,jet_1_pt,ditau_pt,ditau_mass,ditau_dR,ditau_dphi,Diphoton_ditau_dphi,dilep_leadpho_mass,reco_MX_mgg,Diphoton_ditau_deta,Diphoton_lead_lepton_deta,Diphoton_lead_lepton_dR,Diphoton_sublead_lepton_deta,Diphoton_sublead_lepton_dR,LeadPhoton_ditau_dR,LeadPhoton_lead_lepton_dR,SubleadPhoton_lead_lepton_dR
0.5091973956455933,0.9743471173152299,0.913706054732295,0.967054266332845,0.8624505481815746,0.7842149689074454,0.808886540631552,0.8506206870618143,0.7676007222688652,0.850010727760683,0.36803314499564904,0.4232742381528963,0.9697988494226765,0.5673723211270193,0.9450997019416523,0.8766488125890558,0.8385000888849088,0.9512972964695072,0.9878673276694468,0.5550744244603432,0.5511119699348771,0.790148565326641,0.5652817543766704,0.781349223740995,0.7984821221569665,0.7947009697963248,0.7998881554031727
