Diphoton_mass,Diphoton_pt_mgg,Diphoton_dPhi,LeadPhoton_pt_mgg,SubleadPhoton_pt_mgg,MET_pt,diphoton_met_dPhi,ditau_met_dPhi,ditau_deta,lead_lepton_pt,lead_lepton_mass,jet_1_pt,ditau_pt,ditau_mass,ditau_dR,ditau_dphi,Diphoton_ditau_dphi,dilep_leadpho_mass,reco_MX_mgg,Diphoton_ditau_deta,Diphoton_lead_lepton_deta,Diphoton_lead_lepton_dR,Diphoton_sublead_lepton_deta,Diphoton_sublead_lepton_dR,LeadPhoton_ditau_dR,LeadPhoton_lead_lepton_dR,SubleadPhoton_lead_lepton_dR
0.5823650957641665,0.9655811342762854,0.5145395432641955,0.9460654459958566,0.8206801372732381,0.8365293924359649,0.5180691631448072,0.5170311587095054,0.5007574873294615,0.8016050577250043,0.5370808962112057,0.5659883066671216,0.9292641078283265,0.6375825611144921,0.8369879203400188,0.5089051167347297,0.5120925614499015,0.8417386889946888,0.9501999058533094,0.5192113055995705,0.5349276213044446,0.5197470177806304,0.5253235448419595,0.5028831670567605,0.593074555132093,0.612610527482588,0.6334673373780323
