Diphoton_mass,Diphoton_pt_mgg,Diphoton_dPhi,LeadPhoton_pt_mgg,SubleadPhoton_pt_mgg,MET_pt,diphoton_met_dPhi,ditau_met_dPhi,ditau_deta,lead_lepton_pt,lead_lepton_mass,jet_1_pt,ditau_pt,ditau_mass,ditau_dR,ditau_dphi,Diphoton_ditau_dphi,dilep_leadpho_mass,reco_MX_mgg,Diphoton_ditau_deta,Diphoton_lead_lepton_deta,Diphoton_lead_lepton_dR,Diphoton_sublead_lepton_deta,Diphoton_sublead_lepton_dR,LeadPhoton_ditau_dR,LeadPhoton_lead_lepton_dR,SubleadPhoton_lead_lepton_dR
0.5829099728933125,0.9899452692624284,0.515479776570807,0.9847205127329598,0.8919387714943147,0.903301291326094,0.5181098597390903,0.5163981551961863,0.506041942404186,0.8762984692088112,0.5321165858792223,0.5680353302823244,0.9717628919380161,0.633955199736514,0.8991633242944768,0.5090281354882552,0.513277559100262,0.9422869343693461,0.9878125029748295,0.517226419411164,0.5329307688895062,0.5705288097867015,0.5244574377133279,0.5633646110404328,0.6484130463385884,0.6795215811393426,0.7105513005512223
