Diphoton_mass,Diphoton_pt_mgg,Diphoton_dPhi,LeadPhoton_pt_mgg,SubleadPhoton_pt_mgg,MET_pt,diphoton_met_dPhi,ditau_met_dPhi,ditau_deta,lead_lepton_pt,lead_lepton_mass,jet_1_pt,ditau_pt,ditau_mass,ditau_dR,ditau_dphi,Diphoton_ditau_dphi,dilep_leadpho_mass,reco_MX_mgg,Diphoton_ditau_deta,Diphoton_lead_lepton_deta,Diphoton_lead_lepton_dR,Diphoton_sublead_lepton_deta,Diphoton_sublead_lepton_dR,LeadPhoton_ditau_dR,LeadPhoton_lead_lepton_dR,SubleadPhoton_lead_lepton_dR
0.5831521860318687,0.9876347236746096,0.5150293717139045,0.9809846116649987,0.883244817158409,0.8934521676004297,0.5162669462710067,0.5171582126343299,0.5046222514205323,0.864794765697556,0.54431809308963,0.6076958865740321,0.9666047366267645,0.6338493257128891,0.8919104146934324,0.5088525876759348,0.5057484207718977,0.9306960730264269,0.9851562905234855,0.5192781321381307,0.5350767558951941,0.5637096186238453,0.5259399793403656,0.5554398627386288,0.640997773084506,0.6698591339589571,0.7004253991834367
