Diphoton_mass,Diphoton_pt_mgg,Diphoton_dPhi,LeadPhoton_pt_mgg,SubleadPhoton_pt_mgg,MET_pt,diphoton_met_dPhi,ditau_met_dPhi,ditau_deta,lead_lepton_pt,lead_lepton_mass,jet_1_pt,ditau_pt,ditau_mass,ditau_dR,ditau_dphi,Diphoton_ditau_dphi,dilep_leadpho_mass,reco_MX_mgg,Diphoton_ditau_deta,Diphoton_lead_lepton_deta,Diphoton_lead_lepton_dR,Diphoton_sublead_lepton_deta,Diphoton_sublead_lepton_dR,LeadPhoton_ditau_dR,LeadPhoton_lead_lepton_dR,SubleadPhoton_lead_lepton_dR
0.5785287571516029,0.6131602419860993,0.5060027734463036,0.6091251328736506,0.5913206066732246,0.6053158124440471,0.5300373304801749,0.5149197570531872,0.5005083696272485,0.6074916016833732,0.5076744174037287,0.5265163388115841,0.5869001168596301,0.637238448742133,0.5501577090753951,0.5057320730289225,0.5204764064725511,0.5745480672134126,0.5314944947323852,0.5156707259647572,0.5320940796795595,0.6428914430307037,0.5231817298001868,0.6898608235177386,0.577612546785069,0.6035700958034376,0.6046032420544161
