Diphoton_mass,Diphoton_pt_mgg,Diphoton_dPhi,LeadPhoton_pt_mgg,SubleadPhoton_pt_mgg,MET_pt,diphoton_met_dPhi,ditau_met_dPhi,ditau_deta,lead_lepton_pt,lead_lepton_mass,jet_1_pt,ditau_pt,ditau_mass,ditau_dR,ditau_dphi,Diphoton_ditau_dphi,dilep_leadpho_mass,reco_MX_mgg,Diphoton_ditau_deta,Diphoton_lead_lepton_deta,Diphoton_lead_lepton_dR,Diphoton_sublead_lepton_deta,Diphoton_sublead_lepton_dR,LeadPhoton_ditau_dR,LeadPhoton_lead_lepton_dR,SubleadPhoton_lead_lepton_dR
0.5783722689155394,0.5587435673601526,0.5021603871940948,0.5763256289110624,0.5899613431786014,0.5889787093471058,0.5314669885767322,0.5158339157711536,0.5019699626304617,0.59511505654775,0.5050693454014299,0.5637398258569775,0.5374459573523986,0.6356777123728724,0.5223156855889215,0.5102158753883039,0.5233416141588375,0.6109236451149737,0.5925909741791485,0.5184361666918293,0.5340758793710415,0.6617602165164738,0.5239452563167776,0.7005600521606516,0.599404390511712,0.6300904009821837,0.6148835556293241
