Mx,AucScores
1000,0.9692818816370503
900,0.9594533785900068
800,0.9425950271159549
750,0.9306973447421623
700,0.9158219624321092
650,0.8968983491292555
600,0.8711228183749249
550,0.8377178471152946
500,0.7938370455261928
450,0.7317255742342956
400,0.6495639281251073
350,0.5390503359170329
320,0.5406862943380984
300,0.3861616838333308
290,0.5115073282644929
280,0.5393395534264209
270,0.7026376760481623
260,0.7915222356320359
